{"cameraMode":{"drawMode":0,"name":"Shaded","section":"Shading Mode"},"sceneLighting":true,"audioPlay":false,"sceneViewState":{"showFog":true,"showMaterialUpdate":false,"showSkybox":true,"showFlares":true,"showImageEffects":true,"showParticleSystems":true},"in2DMode":false,"pivot":{"x":-32.759925842285159,"y":1.5472614765167237,"z":23.58578109741211},"rotation":{"x":-0.32969924807548525,"y":0.6297920346260071,"z":-0.6178295612335205,"w":-0.33608534932136538},"size":41.682430267333987,"orthographic":false}