{"cameraMode":{"drawMode":0,"name":"Shaded","section":"Shading Mode"},"sceneLighting":true,"audioPlay":false,"sceneViewState":{"showFog":true,"showMaterialUpdate":false,"showSkybox":true,"showFlares":true,"showImageEffects":true,"showParticleSystems":true},"in2DMode":false,"pivot":{"x":0.10000000149011612,"y":0.0,"z":0.800000011920929},"rotation":{"x":0.5987973809242249,"y":-0.023541880771517755,"z":0.017611699178814889,"w":0.8003818988800049},"size":71.29995727539063,"orthographic":false}