{"cameraMode":{"drawMode":0,"name":"Shaded","section":"Shading Mode"},"sceneLighting":false,"audioPlay":false,"sceneViewState":{"showFog":true,"showMaterialUpdate":true,"showSkybox":false,"showFlares":true,"showImageEffects":true,"showParticleSystems":true},"in2DMode":false,"pivot":{"x":-11.470000267028809,"y":0.47999998927116396,"z":0.0},"rotation":{"x":0.130145862698555,"y":-0.0035670215729624035,"z":0.00046329916222020984,"w":0.9915776252746582},"size":0.25980740785598757,"orthographic":true}