{"cameraMode":{"drawMode":0,"name":"Shaded","section":"Shading Mode"},"sceneLighting":true,"audioPlay":false,"sceneViewState":{"showFog":true,"showMaterialUpdate":true,"showSkybox":true,"showFlares":true,"showImageEffects":true,"showParticleSystems":true},"in2DMode":false,"pivot":{"x":18.248891830444337,"y":-6.516514778137207,"z":-20.1466064453125},"rotation":{"x":-0.006236362736672163,"y":0.8106139898300171,"z":-0.5858339667320252,"w":-0.0077859750017523769},"size":78.44402313232422,"orthographic":true}