{"cameraMode":{"drawMode":0,"name":"Shaded","section":"Shading Mode"},"sceneLighting":false,"audioPlay":false,"sceneViewState":{"showFog":true,"showMaterialUpdate":true,"showSkybox":false,"showFlares":true,"showImageEffects":true,"showParticleSystems":true},"in2DMode":false,"pivot":{"x":14.770590782165528,"y":-9.092089653015137,"z":1.233211636543274},"rotation":{"x":0.007525978609919548,"y":0.7856194376945496,"z":-0.6188461184501648,"w":0.009718488901853562},"size":0.708872377872467,"orthographic":true}