{"cameraMode":{"drawMode":0,"name":"Shaded","section":"Shading Mode"},"sceneLighting":false,"audioPlay":false,"sceneViewState":{"showFog":true,"showMaterialUpdate":true,"showSkybox":false,"showFlares":true,"showImageEffects":true,"showParticleSystems":true},"in2DMode":false,"pivot":{"x":13.587839126586914,"y":0.05300001800060272,"z":32.720001220703128},"rotation":{"x":0.001542945159599185,"y":0.9983850717544556,"z":-0.03356831893324852,"w":0.04885071888566017},"size":0.7696851491928101,"orthographic":true}